"pairing","preferred","improve","comments","email","ip","user_agent","referrer","created_at"
"5-0","0","","","","2605:b100:e004:b595:5112:7cbe:47ce:2773","Mozilla/5.0 (iPhone; CPU iPhone OS 14_4_2 like Mac OS X) AppleWebKit/605.1.15 (KHTML, like Gecko) Version/14.0.3 Mobile/15E148 Safari/604.1","https://ep-feedback.netlify.app/index.html","2021-04-02T03:25:06.003Z"
"11-8","11","","","","2605:b100:e004:b595:5112:7cbe:47ce:2773","Mozilla/5.0 (iPhone; CPU iPhone OS 14_4_2 like Mac OS X) AppleWebKit/605.1.15 (KHTML, like Gecko) Version/14.0.3 Mobile/15E148 Safari/604.1","https://ep-feedback.netlify.app/index.html","2021-04-02T03:06:28.363Z"
"11-3","11","","","","2605:b100:e004:b595:5112:7cbe:47ce:2773","Mozilla/5.0 (iPhone; CPU iPhone OS 14_4_2 like Mac OS X) AppleWebKit/605.1.15 (KHTML, like Gecko) Version/14.0.3 Mobile/15E148 Safari/604.1","https://ep-feedback.netlify.app/index.html","2021-04-02T03:06:22.783Z"
"9-6","6","","","","2605:b100:e004:b595:5112:7cbe:47ce:2773","Mozilla/5.0 (iPhone; CPU iPhone OS 14_4_2 like Mac OS X) AppleWebKit/605.1.15 (KHTML, like Gecko) Version/14.0.3 Mobile/15E148 Safari/604.1","https://ep-feedback.netlify.app/index.html","2021-04-02T03:06:17.848Z"
"4-3","4","","","","2605:b100:e004:b595:5112:7cbe:47ce:2773","Mozilla/5.0 (iPhone; CPU iPhone OS 14_4_2 like Mac OS X) AppleWebKit/605.1.15 (KHTML, like Gecko) Version/14.0.3 Mobile/15E148 Safari/604.1","https://ep-feedback.netlify.app/index.html","2021-04-02T02:42:43.064Z"
"8-7","7","","","","2605:b100:e004:b595:5112:7cbe:47ce:2773","Mozilla/5.0 (iPhone; CPU iPhone OS 14_4_2 like Mac OS X) AppleWebKit/605.1.15 (KHTML, like Gecko) Version/14.0.3 Mobile/15E148 Safari/604.1","https://ep-feedback.netlify.app/index.html","2021-04-02T02:42:37.553Z"
"5-1","1","","","","2605:b100:e004:b595:5112:7cbe:47ce:2773","Mozilla/5.0 (iPhone; CPU iPhone OS 14_4_2 like Mac OS X) AppleWebKit/605.1.15 (KHTML, like Gecko) Version/14.0.3 Mobile/15E148 Safari/604.1","https://ep-feedback.netlify.app/index.html","2021-04-02T02:42:28.501Z"
"11-9","11","","","","2605:b100:e004:b595:5112:7cbe:47ce:2773","Mozilla/5.0 (iPhone; CPU iPhone OS 14_4_2 like Mac OS X) AppleWebKit/605.1.15 (KHTML, like Gecko) Version/14.0.3 Mobile/15E148 Safari/604.1","https://ep-feedback.netlify.app/index.html","2021-04-02T02:42:21.991Z"
"3-2","3","","","","2605:b100:e004:b595:5112:7cbe:47ce:2773","Mozilla/5.0 (iPhone; CPU iPhone OS 14_4_2 like Mac OS X) AppleWebKit/605.1.15 (KHTML, like Gecko) Version/14.0.3 Mobile/15E148 Safari/604.1","https://ep-feedback.netlify.app/index.html","2021-04-02T02:42:19.064Z"
"9-2","2","","","","2605:b100:e004:b595:5112:7cbe:47ce:2773","Mozilla/5.0 (iPhone; CPU iPhone OS 14_4_2 like Mac OS X) AppleWebKit/605.1.15 (KHTML, like Gecko) Version/14.0.3 Mobile/15E148 Safari/604.1","https://ep-feedback.netlify.app/index.html","2021-04-02T02:41:54.101Z"
"8-2","8","","","","2605:b100:e004:b595:5112:7cbe:47ce:2773","Mozilla/5.0 (iPhone; CPU iPhone OS 14_4_2 like Mac OS X) AppleWebKit/605.1.15 (KHTML, like Gecko) Version/14.0.3 Mobile/15E148 Safari/604.1","https://ep-feedback.netlify.app/index.html","2021-04-02T02:41:50.567Z"
"10-0","0","","","","2605:b100:e004:b595:5112:7cbe:47ce:2773","Mozilla/5.0 (iPhone; CPU iPhone OS 14_4_2 like Mac OS X) AppleWebKit/605.1.15 (KHTML, like Gecko) Version/14.0.3 Mobile/15E148 Safari/604.1","https://ep-feedback.netlify.app/index.html","2021-04-02T02:41:45.834Z"
"9-0","0","","","","2605:b100:e004:b595:5112:7cbe:47ce:2773","Mozilla/5.0 (iPhone; CPU iPhone OS 14_4_2 like Mac OS X) AppleWebKit/605.1.15 (KHTML, like Gecko) Version/14.0.3 Mobile/15E148 Safari/604.1","https://ep-feedback.netlify.app/index.html","2021-04-02T02:41:41.999Z"
"10-9","9","","","","2605:b100:e004:b595:5112:7cbe:47ce:2773","Mozilla/5.0 (iPhone; CPU iPhone OS 14_4_2 like Mac OS X) AppleWebKit/605.1.15 (KHTML, like Gecko) Version/14.0.3 Mobile/15E148 Safari/604.1","https://ep-feedback.netlify.app/index.html","2021-04-02T02:33:32.960Z"
"6-1","1","","","","2605:b100:e004:b595:5112:7cbe:47ce:2773","Mozilla/5.0 (iPhone; CPU iPhone OS 14_4_2 like Mac OS X) AppleWebKit/605.1.15 (KHTML, like Gecko) Version/14.0.3 Mobile/15E148 Safari/604.1","https://ep-feedback.netlify.app/index.html","2021-04-02T02:33:28.892Z"
"4-2","4","","","","2605:b100:e004:b595:5112:7cbe:47ce:2773","Mozilla/5.0 (iPhone; CPU iPhone OS 14_4_2 like Mac OS X) AppleWebKit/605.1.15 (KHTML, like Gecko) Version/14.0.3 Mobile/15E148 Safari/604.1","https://ep-feedback.netlify.app/index.html","2021-04-02T02:33:22.597Z"
"2-1","2","","","","2605:b100:e004:b595:5112:7cbe:47ce:2773","Mozilla/5.0 (iPhone; CPU iPhone OS 14_4_2 like Mac OS X) AppleWebKit/605.1.15 (KHTML, like Gecko) Version/14.0.3 Mobile/15E148 Safari/604.1","https://ep-feedback.netlify.app/index.html","2021-04-02T02:33:16.632Z"
"6-4","4","","","","2605:b100:e004:b595:5112:7cbe:47ce:2773","Mozilla/5.0 (iPhone; CPU iPhone OS 14_4_2 like Mac OS X) AppleWebKit/605.1.15 (KHTML, like Gecko) Version/14.0.3 Mobile/15E148 Safari/604.1","https://ep-feedback.netlify.app/index.html","2021-04-02T02:33:10.028Z"
"11-4","11","","","","2605:b100:e004:b595:5112:7cbe:47ce:2773","Mozilla/5.0 (iPhone; CPU iPhone OS 14_4_2 like Mac OS X) AppleWebKit/605.1.15 (KHTML, like Gecko) Version/14.0.3 Mobile/15E148 Safari/604.1","https://ep-feedback.netlify.app/index.html","2021-04-02T02:33:03.964Z"
"8-6","8","","","","2605:b100:e004:b595:5112:7cbe:47ce:2773","Mozilla/5.0 (iPhone; CPU iPhone OS 14_4_2 like Mac OS X) AppleWebKit/605.1.15 (KHTML, like Gecko) Version/14.0.3 Mobile/15E148 Safari/604.1","https://ep-feedback.netlify.app/index.html","2021-04-02T02:32:26.553Z"
"8-5","8","","","","2605:b100:e004:b595:5112:7cbe:47ce:2773","Mozilla/5.0 (iPhone; CPU iPhone OS 14_4_2 like Mac OS X) AppleWebKit/605.1.15 (KHTML, like Gecko) Version/14.0.3 Mobile/15E148 Safari/604.1","https://ep-feedback.netlify.app/index.html","2021-04-02T02:32:22.904Z"
"10-4","4","","","","2605:b100:e004:b595:5112:7cbe:47ce:2773","Mozilla/5.0 (iPhone; CPU iPhone OS 14_4_2 like Mac OS X) AppleWebKit/605.1.15 (KHTML, like Gecko) Version/14.0.3 Mobile/15E148 Safari/604.1","https://ep-feedback.netlify.app/index.html","2021-04-02T02:32:19.338Z"
"6-2","2","","","","2605:b100:e004:b595:5112:7cbe:47ce:2773","Mozilla/5.0 (iPhone; CPU iPhone OS 14_4_2 like Mac OS X) AppleWebKit/605.1.15 (KHTML, like Gecko) Version/14.0.3 Mobile/15E148 Safari/604.1","https://ep-feedback.netlify.app/index.html","2021-04-02T02:32:15.126Z"
"11-0","11","","","","2605:b100:e004:b595:5112:7cbe:47ce:2773","Mozilla/5.0 (iPhone; CPU iPhone OS 14_4_2 like Mac OS X) AppleWebKit/605.1.15 (KHTML, like Gecko) Version/14.0.3 Mobile/15E148 Safari/604.1","https://ep-feedback.netlify.app/index.html","2021-04-02T02:31:16.233Z"
"9-5","5","","","","2605:b100:e004:b595:5112:7cbe:47ce:2773","Mozilla/5.0 (iPhone; CPU iPhone OS 14_4_2 like Mac OS X) AppleWebKit/605.1.15 (KHTML, like Gecko) Version/14.0.3 Mobile/15E148 Safari/604.1","https://ep-feedback.netlify.app/index.html","2021-04-02T02:31:12.583Z"
"10-7","7","","","","2605:b100:e004:b595:5112:7cbe:47ce:2773","Mozilla/5.0 (iPhone; CPU iPhone OS 14_4_2 like Mac OS X) AppleWebKit/605.1.15 (KHTML, like Gecko) Version/14.0.3 Mobile/15E148 Safari/604.1","https://ep-feedback.netlify.app/index.html","2021-04-02T02:31:00.569Z"
"9-8","8","","","","2605:b100:e004:b595:5112:7cbe:47ce:2773","Mozilla/5.0 (iPhone; CPU iPhone OS 14_4_2 like Mac OS X) AppleWebKit/605.1.15 (KHTML, like Gecko) Version/14.0.3 Mobile/15E148 Safari/604.1","https://ep-feedback.netlify.app/index.html","2021-04-02T02:30:57.464Z"
"4-1","4","","","","2605:b100:e004:b595:5112:7cbe:47ce:2773","Mozilla/5.0 (iPhone; CPU iPhone OS 14_4_2 like Mac OS X) AppleWebKit/605.1.15 (KHTML, like Gecko) Version/14.0.3 Mobile/15E148 Safari/604.1","https://ep-feedback.netlify.app/index.html","2021-04-02T02:30:53.749Z"
"11-2","11","","","","2605:b100:e004:b595:5112:7cbe:47ce:2773","Mozilla/5.0 (iPhone; CPU iPhone OS 14_4_2 like Mac OS X) AppleWebKit/605.1.15 (KHTML, like Gecko) Version/14.0.3 Mobile/15E148 Safari/604.1","https://ep-feedback.netlify.app/index.html","2021-04-02T02:30:48.995Z"
"11-7","11","","","","2605:b100:e004:b595:5112:7cbe:47ce:2773","Mozilla/5.0 (iPhone; CPU iPhone OS 14_4_2 like Mac OS X) AppleWebKit/605.1.15 (KHTML, like Gecko) Version/14.0.3 Mobile/15E148 Safari/604.1","https://ep-feedback.netlify.app/index.html","2021-04-02T02:30:34.291Z"
"7-3","7","","","","2605:b100:e004:b595:5112:7cbe:47ce:2773","Mozilla/5.0 (iPhone; CPU iPhone OS 14_4_2 like Mac OS X) AppleWebKit/605.1.15 (KHTML, like Gecko) Version/14.0.3 Mobile/15E148 Safari/604.1","https://ep-feedback.netlify.app/index.html","2021-04-02T02:30:30.513Z"
"6-3","3","","","","2605:b100:e004:b595:5112:7cbe:47ce:2773","Mozilla/5.0 (iPhone; CPU iPhone OS 14_4_2 like Mac OS X) AppleWebKit/605.1.15 (KHTML, like Gecko) Version/14.0.3 Mobile/15E148 Safari/604.1","https://ep-feedback.netlify.app/index.html","2021-04-02T02:30:06.666Z"
"11-1","11","","","","2605:b100:e004:b595:5112:7cbe:47ce:2773","Mozilla/5.0 (iPhone; CPU iPhone OS 14_4_2 like Mac OS X) AppleWebKit/605.1.15 (KHTML, like Gecko) Version/14.0.3 Mobile/15E148 Safari/604.1","https://ep-feedback.netlify.app/index.html","2021-04-02T02:29:43.550Z"
"11-10","11","","","","2605:b100:e004:b595:5112:7cbe:47ce:2773","Mozilla/5.0 (iPhone; CPU iPhone OS 14_4_2 like Mac OS X) AppleWebKit/605.1.15 (KHTML, like Gecko) Version/14.0.3 Mobile/15E148 Safari/604.1","https://ep-feedback.netlify.app/index.html","2021-04-02T02:29:39.424Z"
"7-6","7","","","","2605:b100:e004:b595:5112:7cbe:47ce:2773","Mozilla/5.0 (iPhone; CPU iPhone OS 14_4_2 like Mac OS X) AppleWebKit/605.1.15 (KHTML, like Gecko) Version/14.0.3 Mobile/15E148 Safari/604.1","https://ep-feedback.netlify.app/index.html","2021-04-02T02:27:20.320Z"
"5-3","3","","","","2605:b100:e004:b595:5112:7cbe:47ce:2773","Mozilla/5.0 (iPhone; CPU iPhone OS 14_4_2 like Mac OS X) AppleWebKit/605.1.15 (KHTML, like Gecko) Version/14.0.3 Mobile/15E148 Safari/604.1","https://ep-feedback.netlify.app/index.html","2021-04-02T02:27:08.824Z"
"10-3","3","","","","2605:b100:e004:b595:5112:7cbe:47ce:2773","Mozilla/5.0 (iPhone; CPU iPhone OS 14_4_2 like Mac OS X) AppleWebKit/605.1.15 (KHTML, like Gecko) Version/14.0.3 Mobile/15E148 Safari/604.1","https://ep-feedback.netlify.app/index.html","2021-04-02T02:27:02.063Z"
"9-7","7","","","","2605:b100:e004:b595:5112:7cbe:47ce:2773","Mozilla/5.0 (iPhone; CPU iPhone OS 14_4_2 like Mac OS X) AppleWebKit/605.1.15 (KHTML, like Gecko) Version/14.0.3 Mobile/15E148 Safari/604.1","https://ep-feedback.netlify.app/index.html","2021-04-02T02:26:57.131Z"
"7-5","7","","","","2605:b100:e004:b595:5112:7cbe:47ce:2773","Mozilla/5.0 (iPhone; CPU iPhone OS 14_4_2 like Mac OS X) AppleWebKit/605.1.15 (KHTML, like Gecko) Version/14.0.3 Mobile/15E148 Safari/604.1","https://ep-feedback.netlify.app/index.html","2021-04-02T02:26:38.960Z"
"4-0","4","","","","2605:b100:e004:b595:5112:7cbe:47ce:2773","Mozilla/5.0 (iPhone; CPU iPhone OS 14_4_2 like Mac OS X) AppleWebKit/605.1.15 (KHTML, like Gecko) Version/14.0.3 Mobile/15E148 Safari/604.1","https://ep-feedback.netlify.app/index.html","2021-04-02T02:26:35.129Z"
"3-0","3","","","","2605:b100:e004:b595:5112:7cbe:47ce:2773","Mozilla/5.0 (iPhone; CPU iPhone OS 14_4_2 like Mac OS X) AppleWebKit/605.1.15 (KHTML, like Gecko) Version/14.0.3 Mobile/15E148 Safari/604.1","https://ep-feedback.netlify.app/index.html","2021-04-02T02:26:30.270Z"
"3-1","3","","","","2605:b100:e004:b595:5112:7cbe:47ce:2773","Mozilla/5.0 (iPhone; CPU iPhone OS 14_4_2 like Mac OS X) AppleWebKit/605.1.15 (KHTML, like Gecko) Version/14.0.3 Mobile/15E148 Safari/604.1","https://ep-feedback.netlify.app/index.html","2021-04-02T02:26:26.363Z"
"7-1","7","","","","2605:b100:e004:b595:5112:7cbe:47ce:2773","Mozilla/5.0 (iPhone; CPU iPhone OS 14_4_2 like Mac OS X) AppleWebKit/605.1.15 (KHTML, like Gecko) Version/14.0.3 Mobile/15E148 Safari/604.1","https://ep-feedback.netlify.app/index.html","2021-04-02T02:26:18.399Z"
"8-0","8","","","","2605:b100:e004:b595:5112:7cbe:47ce:2773","Mozilla/5.0 (iPhone; CPU iPhone OS 14_4_2 like Mac OS X) AppleWebKit/605.1.15 (KHTML, like Gecko) Version/14.0.3 Mobile/15E148 Safari/604.1","https://ep-feedback.netlify.app/index.html","2021-04-02T02:26:11.561Z"
"7-2","7","","","","2605:b100:e004:b595:5112:7cbe:47ce:2773","Mozilla/5.0 (iPhone; CPU iPhone OS 14_4_2 like Mac OS X) AppleWebKit/605.1.15 (KHTML, like Gecko) Version/14.0.3 Mobile/15E148 Safari/604.1","https://ep-feedback.netlify.app/index.html","2021-04-02T02:26:00.478Z"
"10-5","5","","","","142.185.8.136","Mozilla/5.0 (iPhone; CPU iPhone OS 14_4_2 like Mac OS X) AppleWebKit/605.1.15 (KHTML, like Gecko) Version/14.0.3 Mobile/15E148 Safari/604.1","https://ep-feedback.netlify.app/index.html","2021-04-02T02:05:32.607Z"
"8-1","8","","","","142.185.8.136","Mozilla/5.0 (iPhone; CPU iPhone OS 14_4_2 like Mac OS X) AppleWebKit/605.1.15 (KHTML, like Gecko) Version/14.0.3 Mobile/15E148 Safari/604.1","https://ep-feedback.netlify.app/index.html","2021-04-02T02:05:26.268Z"
"10-8","8","","","","142.185.8.136","Mozilla/5.0 (iPhone; CPU iPhone OS 14_4_2 like Mac OS X) AppleWebKit/605.1.15 (KHTML, like Gecko) Version/14.0.3 Mobile/15E148 Safari/604.1","https://ep-feedback.netlify.app/index.html","2021-04-02T02:05:21.315Z"
"5-2","2","","","","142.185.8.136","Mozilla/5.0 (iPhone; CPU iPhone OS 14_4_2 like Mac OS X) AppleWebKit/605.1.15 (KHTML, like Gecko) Version/14.0.3 Mobile/15E148 Safari/604.1","https://ep-feedback.netlify.app/index.html","2021-04-02T02:05:16.909Z"
"5-4","4","","","","142.185.8.136","Mozilla/5.0 (iPhone; CPU iPhone OS 14_4_2 like Mac OS X) AppleWebKit/605.1.15 (KHTML, like Gecko) Version/14.0.3 Mobile/15E148 Safari/604.1","https://ep-feedback.netlify.app/index.html","2021-04-02T02:05:06.426Z"
"6-0","0","","","","142.185.8.136","Mozilla/5.0 (iPhone; CPU iPhone OS 14_4_2 like Mac OS X) AppleWebKit/605.1.15 (KHTML, like Gecko) Version/14.0.3 Mobile/15E148 Safari/604.1","https://ep-feedback.netlify.app/index.html","2021-04-02T02:05:02.311Z"
"7-4","4","","","","142.185.8.136","Mozilla/5.0 (iPhone; CPU iPhone OS 14_4_2 like Mac OS X) AppleWebKit/605.1.15 (KHTML, like Gecko) Version/14.0.3 Mobile/15E148 Safari/604.1","https://ep-feedback.netlify.app/index.html","2021-04-02T02:04:57.282Z"
"11-6","11","","","","142.185.8.136","Mozilla/5.0 (iPhone; CPU iPhone OS 14_4_2 like Mac OS X) AppleWebKit/605.1.15 (KHTML, like Gecko) Version/14.0.3 Mobile/15E148 Safari/604.1","https://ep-feedback.netlify.app/index.html","2021-04-02T02:04:52.369Z"
"1-0","1","","","","142.185.8.136","Mozilla/5.0 (iPhone; CPU iPhone OS 14_4_2 like Mac OS X) AppleWebKit/605.1.15 (KHTML, like Gecko) Version/14.0.3 Mobile/15E148 Safari/604.1","https://ep-feedback.netlify.app/index.html","2021-04-02T02:04:47.333Z"
"6-5","6","","","","142.185.8.136","Mozilla/5.0 (iPhone; CPU iPhone OS 14_4_2 like Mac OS X) AppleWebKit/605.1.15 (KHTML, like Gecko) Version/14.0.3 Mobile/15E148 Safari/604.1","https://ep-feedback.netlify.app/index.html","2021-04-02T02:04:33.150Z"
"7-0","7","","","","142.185.8.136","Mozilla/5.0 (iPhone; CPU iPhone OS 14_4_2 like Mac OS X) AppleWebKit/605.1.15 (KHTML, like Gecko) Version/14.0.3 Mobile/15E148 Safari/604.1","https://ep-feedback.netlify.app/index.html","2021-04-02T02:04:23.110Z"
"10-6","6","","","","142.185.8.136","Mozilla/5.0 (iPhone; CPU iPhone OS 14_4_2 like Mac OS X) AppleWebKit/605.1.15 (KHTML, like Gecko) Version/14.0.3 Mobile/15E148 Safari/604.1","https://ep-feedback.netlify.app/index.html","2021-04-02T02:04:17.481Z"
"11-5","11","","","","142.185.8.136","Mozilla/5.0 (iPhone; CPU iPhone OS 14_4_2 like Mac OS X) AppleWebKit/605.1.15 (KHTML, like Gecko) Version/14.0.3 Mobile/15E148 Safari/604.1","https://ep-feedback.netlify.app/index.html","2021-04-02T02:04:04.079Z"
"2-0","2","","","","142.185.8.136","Mozilla/5.0 (iPhone; CPU iPhone OS 14_4_2 like Mac OS X) AppleWebKit/605.1.15 (KHTML, like Gecko) Version/14.0.3 Mobile/15E148 Safari/604.1","https://ep-feedback.netlify.app/index.html","2021-04-02T02:03:59.049Z"
"8-4","4","","","","142.185.8.136","Mozilla/5.0 (iPhone; CPU iPhone OS 14_4_2 like Mac OS X) AppleWebKit/605.1.15 (KHTML, like Gecko) Version/14.0.3 Mobile/15E148 Safari/604.1","https://ep-feedback.netlify.app/index.html","2021-04-02T02:03:48.998Z"
"9-4","4","","","","142.185.8.136","Mozilla/5.0 (iPhone; CPU iPhone OS 14_4_2 like Mac OS X) AppleWebKit/605.1.15 (KHTML, like Gecko) Version/14.0.3 Mobile/15E148 Safari/604.1","https://ep-feedback.netlify.app/index.html","2021-04-02T02:03:44.225Z"
"10-1","1","","","","142.185.8.136","Mozilla/5.0 (iPhone; CPU iPhone OS 14_4_2 like Mac OS X) AppleWebKit/605.1.15 (KHTML, like Gecko) Version/14.0.3 Mobile/15E148 Safari/604.1","https://ep-feedback.netlify.app/index.html","2021-04-02T02:03:39.135Z"
"8-3","8","","","","142.185.8.136","Mozilla/5.0 (iPhone; CPU iPhone OS 14_4_2 like Mac OS X) AppleWebKit/605.1.15 (KHTML, like Gecko) Version/14.0.3 Mobile/15E148 Safari/604.1","https://ep-feedback.netlify.app/index.html","2021-04-02T02:03:34.645Z"
"10-2","2","","","","142.185.8.136","Mozilla/5.0 (iPhone; CPU iPhone OS 14_4_2 like Mac OS X) AppleWebKit/605.1.15 (KHTML, like Gecko) Version/14.0.3 Mobile/15E148 Safari/604.1","https://ep-feedback.netlify.app/index.html","2021-04-02T02:03:28.592Z"
"9-3","3","","","","142.185.8.136","Mozilla/5.0 (iPhone; CPU iPhone OS 14_4_2 like Mac OS X) AppleWebKit/605.1.15 (KHTML, like Gecko) Version/14.0.3 Mobile/15E148 Safari/604.1","https://ep-feedback.netlify.app/index.html","2021-04-02T02:03:12.230Z"
"9-1","1","","","","142.185.8.136","Mozilla/5.0 (iPhone; CPU iPhone OS 14_4_2 like Mac OS X) AppleWebKit/605.1.15 (KHTML, like Gecko) Version/14.0.3 Mobile/15E148 Safari/604.1","https://ep-feedback.netlify.app/","2021-04-02T02:02:42.768Z"
"10-6","6","","","","2605:8d80:601:154c:6cab:3bc5:d529:d888","Mozilla/5.0 (iPhone; CPU iPhone OS 14_4_2 like Mac OS X) AppleWebKit/605.1.15 (KHTML, like Gecko) Version/14.0.3 Mobile/15E148 Safari/604.1","https://ep-feedback.netlify.app/index.html","2021-04-01T17:55:31.430Z"
"10-3","3","","","","2605:8d80:601:154c:6cab:3bc5:d529:d888","Mozilla/5.0 (iPhone; CPU iPhone OS 14_4_2 like Mac OS X) AppleWebKit/605.1.15 (KHTML, like Gecko) Version/14.0.3 Mobile/15E148 Safari/604.1","https://ep-feedback.netlify.app/index.html","2021-04-01T17:55:26.930Z"
"8-3","8","","","","2605:8d80:601:154c:6cab:3bc5:d529:d888","Mozilla/5.0 (iPhone; CPU iPhone OS 14_4_2 like Mac OS X) AppleWebKit/605.1.15 (KHTML, like Gecko) Version/14.0.3 Mobile/15E148 Safari/604.1","https://ep-feedback.netlify.app/index.html","2021-04-01T17:55:22.544Z"
"10-6","6","","","","2605:8d80:601:154c:6cab:3bc5:d529:d888","Mozilla/5.0 (iPhone; CPU iPhone OS 14_4_2 like Mac OS X) AppleWebKit/605.1.15 (KHTML, like Gecko) Version/14.0.3 Mobile/15E148 Safari/604.1","https://ep-feedback.netlify.app/index.html","2021-04-01T17:55:16.272Z"
"11-8","11","","","","2605:8d80:601:154c:6cab:3bc5:d529:d888","Mozilla/5.0 (iPhone; CPU iPhone OS 14_4_2 like Mac OS X) AppleWebKit/605.1.15 (KHTML, like Gecko) Version/14.0.3 Mobile/15E148 Safari/604.1","https://ep-feedback.netlify.app/index.html","2021-04-01T17:55:12.410Z"
"10-9","9","","","","2605:8d80:601:154c:6cab:3bc5:d529:d888","Mozilla/5.0 (iPhone; CPU iPhone OS 14_4_2 like Mac OS X) AppleWebKit/605.1.15 (KHTML, like Gecko) Version/14.0.3 Mobile/15E148 Safari/604.1","https://ep-feedback.netlify.app/index.html","2021-04-01T17:55:07.781Z"
"3-2","3","","","","2605:8d80:601:154c:6cab:3bc5:d529:d888","Mozilla/5.0 (iPhone; CPU iPhone OS 14_4_2 like Mac OS X) AppleWebKit/605.1.15 (KHTML, like Gecko) Version/14.0.3 Mobile/15E148 Safari/604.1","https://ep-feedback.netlify.app/index.html","2021-04-01T17:54:59.542Z"
"8-4","4","","","","2605:8d80:601:154c:6cab:3bc5:d529:d888","Mozilla/5.0 (iPhone; CPU iPhone OS 14_4_2 like Mac OS X) AppleWebKit/605.1.15 (KHTML, like Gecko) Version/14.0.3 Mobile/15E148 Safari/604.1","https://ep-feedback.netlify.app/index.html","2021-04-01T17:54:53.491Z"
"10-6","6","","","","2605:8d80:601:154c:6cab:3bc5:d529:d888","Mozilla/5.0 (iPhone; CPU iPhone OS 14_4_2 like Mac OS X) AppleWebKit/605.1.15 (KHTML, like Gecko) Version/14.0.3 Mobile/15E148 Safari/604.1","https://ep-feedback.netlify.app/index.html","2021-04-01T17:54:49.902Z"
"9-1","1","","","","2605:8d80:601:154c:6cab:3bc5:d529:d888","Mozilla/5.0 (iPhone; CPU iPhone OS 14_4_2 like Mac OS X) AppleWebKit/605.1.15 (KHTML, like Gecko) Version/14.0.3 Mobile/15E148 Safari/604.1","https://ep-feedback.netlify.app/index.html","2021-04-01T17:54:44.423Z"
"7-2","7","","","","2605:8d80:601:154c:6cab:3bc5:d529:d888","Mozilla/5.0 (iPhone; CPU iPhone OS 14_4_2 like Mac OS X) AppleWebKit/605.1.15 (KHTML, like Gecko) Version/14.0.3 Mobile/15E148 Safari/604.1","https://ep-feedback.netlify.app/index.html","2021-04-01T17:54:40.947Z"
"10-2","2","","","","2605:8d80:601:154c:6cab:3bc5:d529:d888","Mozilla/5.0 (iPhone; CPU iPhone OS 14_4_2 like Mac OS X) AppleWebKit/605.1.15 (KHTML, like Gecko) Version/14.0.3 Mobile/15E148 Safari/604.1","https://ep-feedback.netlify.app/index.html","2021-04-01T17:54:36.356Z"
"11-2","11","","","","2605:8d80:601:154c:6cab:3bc5:d529:d888","Mozilla/5.0 (iPhone; CPU iPhone OS 14_4_2 like Mac OS X) AppleWebKit/605.1.15 (KHTML, like Gecko) Version/14.0.3 Mobile/15E148 Safari/604.1","https://ep-feedback.netlify.app/index.html","2021-04-01T17:54:32.870Z"
"6-4","4","","","","2605:8d80:601:154c:6cab:3bc5:d529:d888","Mozilla/5.0 (iPhone; CPU iPhone OS 14_4_2 like Mac OS X) AppleWebKit/605.1.15 (KHTML, like Gecko) Version/14.0.3 Mobile/15E148 Safari/604.1","https://ep-feedback.netlify.app/index.html","2021-04-01T17:54:25.419Z"
"10-2","2","","","","2605:8d80:601:154c:6cab:3bc5:d529:d888","Mozilla/5.0 (iPhone; CPU iPhone OS 14_4_2 like Mac OS X) AppleWebKit/605.1.15 (KHTML, like Gecko) Version/14.0.3 Mobile/15E148 Safari/604.1","https://ep-feedback.netlify.app/index.html","2021-04-01T17:54:10.688Z"
"8-6","8","","","","2605:8d80:601:154c:6cab:3bc5:d529:d888","Mozilla/5.0 (iPhone; CPU iPhone OS 14_4_2 like Mac OS X) AppleWebKit/605.1.15 (KHTML, like Gecko) Version/14.0.3 Mobile/15E148 Safari/604.1","https://ep-feedback.netlify.app/index.html","2021-04-01T17:54:07.021Z"
"7-5","7","","","","2605:8d80:601:154c:6cab:3bc5:d529:d888","Mozilla/5.0 (iPhone; CPU iPhone OS 14_4_2 like Mac OS X) AppleWebKit/605.1.15 (KHTML, like Gecko) Version/14.0.3 Mobile/15E148 Safari/604.1","https://ep-feedback.netlify.app/index.html","2021-04-01T17:53:58.169Z"
"10-6","6","","","","2605:8d80:601:154c:6cab:3bc5:d529:d888","Mozilla/5.0 (iPhone; CPU iPhone OS 14_4_2 like Mac OS X) AppleWebKit/605.1.15 (KHTML, like Gecko) Version/14.0.3 Mobile/15E148 Safari/604.1","https://ep-feedback.netlify.app/index.html","2021-04-01T17:53:45.828Z"
"5-2","2","","","","2605:8d80:601:154c:6cab:3bc5:d529:d888","Mozilla/5.0 (iPhone; CPU iPhone OS 14_4_2 like Mac OS X) AppleWebKit/605.1.15 (KHTML, like Gecko) Version/14.0.3 Mobile/15E148 Safari/604.1","https://ep-feedback.netlify.app/index.html","2021-04-01T17:53:41.441Z"
"6-0","0","","","","2605:8d80:601:154c:6cab:3bc5:d529:d888","Mozilla/5.0 (iPhone; CPU iPhone OS 14_4_2 like Mac OS X) AppleWebKit/605.1.15 (KHTML, like Gecko) Version/14.0.3 Mobile/15E148 Safari/604.1","https://ep-feedback.netlify.app/index.html","2021-04-01T17:53:36.497Z"
"11-0","11","","","","2605:8d80:601:154c:6cab:3bc5:d529:d888","Mozilla/5.0 (iPhone; CPU iPhone OS 14_4_2 like Mac OS X) AppleWebKit/605.1.15 (KHTML, like Gecko) Version/14.0.3 Mobile/15E148 Safari/604.1","https://ep-feedback.netlify.app/index.html","2021-04-01T17:53:22.530Z"
"5-0","0","","","","2605:8d80:601:154c:6cab:3bc5:d529:d888","Mozilla/5.0 (iPhone; CPU iPhone OS 14_4_2 like Mac OS X) AppleWebKit/605.1.15 (KHTML, like Gecko) Version/14.0.3 Mobile/15E148 Safari/604.1","https://ep-feedback.netlify.app/index.html","2021-04-01T17:53:18.820Z"
"8-1","8","","","","2605:8d80:601:154c:6cab:3bc5:d529:d888","Mozilla/5.0 (iPhone; CPU iPhone OS 14_4_2 like Mac OS X) AppleWebKit/605.1.15 (KHTML, like Gecko) Version/14.0.3 Mobile/15E148 Safari/604.1","https://ep-feedback.netlify.app/index.html","2021-04-01T17:53:12.279Z"
"6-5","6","","","","2605:8d80:601:154c:6cab:3bc5:d529:d888","Mozilla/5.0 (iPhone; CPU iPhone OS 14_4_2 like Mac OS X) AppleWebKit/605.1.15 (KHTML, like Gecko) Version/14.0.3 Mobile/15E148 Safari/604.1","https://ep-feedback.netlify.app/index.html","2021-04-01T17:53:03.025Z"
"8-2","8","","","","2605:8d80:601:154c:6cab:3bc5:d529:d888","Mozilla/5.0 (iPhone; CPU iPhone OS 14_4_2 like Mac OS X) AppleWebKit/605.1.15 (KHTML, like Gecko) Version/14.0.3 Mobile/15E148 Safari/604.1","https://ep-feedback.netlify.app/index.html","2021-04-01T17:52:23.763Z"
"10-4","4","","","","2605:8d80:601:154c:6cab:3bc5:d529:d888","Mozilla/5.0 (iPhone; CPU iPhone OS 14_4_2 like Mac OS X) AppleWebKit/605.1.15 (KHTML, like Gecko) Version/14.0.3 Mobile/15E148 Safari/604.1","https://ep-feedback.netlify.app/index.html","2021-04-01T17:50:51.899Z"
"9-4","4","","","","2605:8d80:601:154c:6cab:3bc5:d529:d888","Mozilla/5.0 (iPhone; CPU iPhone OS 14_4_2 like Mac OS X) AppleWebKit/605.1.15 (KHTML, like Gecko) Version/14.0.3 Mobile/15E148 Safari/604.1","https://ep-feedback.netlify.app/index.html","2021-04-01T17:50:33.286Z"
"11-6","11","","","","2605:8d80:601:154c:6cab:3bc5:d529:d888","Mozilla/5.0 (iPhone; CPU iPhone OS 14_4_2 like Mac OS X) AppleWebKit/605.1.15 (KHTML, like Gecko) Version/14.0.3 Mobile/15E148 Safari/604.1","https://ep-feedback.netlify.app/index.html","2021-04-01T17:50:29.592Z"
"7-0","7","","","","2605:8d80:601:154c:6cab:3bc5:d529:d888","Mozilla/5.0 (iPhone; CPU iPhone OS 14_4_2 like Mac OS X) AppleWebKit/605.1.15 (KHTML, like Gecko) Version/14.0.3 Mobile/15E148 Safari/604.1","https://ep-feedback.netlify.app/index.html","2021-04-01T17:50:26.258Z"
"11-4","11","","","","2605:8d80:601:154c:6cab:3bc5:d529:d888","Mozilla/5.0 (iPhone; CPU iPhone OS 14_4_2 like Mac OS X) AppleWebKit/605.1.15 (KHTML, like Gecko) Version/14.0.3 Mobile/15E148 Safari/604.1","https://ep-feedback.netlify.app/index.html","2021-04-01T17:50:12.600Z"
"10-1","1","","","","2605:8d80:601:154c:6cab:3bc5:d529:d888","Mozilla/5.0 (iPhone; CPU iPhone OS 14_4_2 like Mac OS X) AppleWebKit/605.1.15 (KHTML, like Gecko) Version/14.0.3 Mobile/15E148 Safari/604.1","https://ep-feedback.netlify.app/index.html","2021-04-01T17:49:54.107Z"
"10-4","4","","","","2605:8d80:601:154c:6cab:3bc5:d529:d888","Mozilla/5.0 (iPhone; CPU iPhone OS 14_4_2 like Mac OS X) AppleWebKit/605.1.15 (KHTML, like Gecko) Version/14.0.3 Mobile/15E148 Safari/604.1","https://ep-feedback.netlify.app/index.html","2021-04-01T17:49:50.460Z"
"8-7","8","","","","2605:8d80:601:154c:6cab:3bc5:d529:d888","Mozilla/5.0 (iPhone; CPU iPhone OS 14_4_2 like Mac OS X) AppleWebKit/605.1.15 (KHTML, like Gecko) Version/14.0.3 Mobile/15E148 Safari/604.1","https://ep-feedback.netlify.app/index.html","2021-04-01T17:49:46.740Z"
"6-1","6","","","","2605:8d80:601:154c:6cab:3bc5:d529:d888","Mozilla/5.0 (iPhone; CPU iPhone OS 14_4_2 like Mac OS X) AppleWebKit/605.1.15 (KHTML, like Gecko) Version/14.0.3 Mobile/15E148 Safari/604.1","https://ep-feedback.netlify.app/index.html","2021-04-01T17:49:29.146Z"
"11-2","11","","","","2605:8d80:601:154c:6cab:3bc5:d529:d888","Mozilla/5.0 (iPhone; CPU iPhone OS 14_4_2 like Mac OS X) AppleWebKit/605.1.15 (KHTML, like Gecko) Version/14.0.3 Mobile/15E148 Safari/604.1","https://ep-feedback.netlify.app/index.html","2021-04-01T17:34:53.798Z"
"7-3","3","","","","2605:8d80:601:154c:6cab:3bc5:d529:d888","Mozilla/5.0 (iPhone; CPU iPhone OS 14_4_2 like Mac OS X) AppleWebKit/605.1.15 (KHTML, like Gecko) Version/14.0.3 Mobile/15E148 Safari/604.1","https://ep-feedback.netlify.app/index.html","2021-04-01T17:34:49.760Z"
"6-3","3","","","","2605:8d80:601:154c:6cab:3bc5:d529:d888","Mozilla/5.0 (iPhone; CPU iPhone OS 14_4_2 like Mac OS X) AppleWebKit/605.1.15 (KHTML, like Gecko) Version/14.0.3 Mobile/15E148 Safari/604.1","https://ep-feedback.netlify.app/index.html","2021-04-01T17:34:35.161Z"
"11-6","11","","","","2605:8d80:601:154c:6cab:3bc5:d529:d888","Mozilla/5.0 (iPhone; CPU iPhone OS 14_4_2 like Mac OS X) AppleWebKit/605.1.15 (KHTML, like Gecko) Version/14.0.3 Mobile/15E148 Safari/604.1","https://ep-feedback.netlify.app/index.html","2021-04-01T17:34:24.546Z"
"9-6","6","","","","2605:8d80:601:154c:6cab:3bc5:d529:d888","Mozilla/5.0 (iPhone; CPU iPhone OS 14_4_2 like Mac OS X) AppleWebKit/605.1.15 (KHTML, like Gecko) Version/14.0.3 Mobile/15E148 Safari/604.1","https://ep-feedback.netlify.app/index.html","2021-04-01T17:34:20.763Z"
"1-0","-1","","","","2605:8d80:601:154c:6cab:3bc5:d529:d888","Mozilla/5.0 (iPhone; CPU iPhone OS 14_4_2 like Mac OS X) AppleWebKit/605.1.15 (KHTML, like Gecko) Version/14.0.3 Mobile/15E148 Safari/604.1","https://ep-feedback.netlify.app/index.html","2021-04-01T17:34:16.529Z"
"9-0","0","","","","2605:8d80:601:154c:6cab:3bc5:d529:d888","Mozilla/5.0 (iPhone; CPU iPhone OS 14_4_2 like Mac OS X) AppleWebKit/605.1.15 (KHTML, like Gecko) Version/14.0.3 Mobile/15E148 Safari/604.1","https://ep-feedback.netlify.app/index.html","2021-04-01T17:32:21.043Z"
"10-5","5","","","","2605:8d80:601:154c:6cab:3bc5:d529:d888","Mozilla/5.0 (iPhone; CPU iPhone OS 14_4_2 like Mac OS X) AppleWebKit/605.1.15 (KHTML, like Gecko) Version/14.0.3 Mobile/15E148 Safari/604.1","https://ep-feedback.netlify.app/index.html","2021-04-01T17:32:15.680Z"
"2-1","2","","","","2605:8d80:601:154c:6cab:3bc5:d529:d888","Mozilla/5.0 (iPhone; CPU iPhone OS 14_4_2 like Mac OS X) AppleWebKit/605.1.15 (KHTML, like Gecko) Version/14.0.3 Mobile/15E148 Safari/604.1","https://ep-feedback.netlify.app/index.html","2021-04-01T17:32:11.992Z"
"6-2","2","","","","2605:8d80:601:154c:6cab:3bc5:d529:d888","Mozilla/5.0 (iPhone; CPU iPhone OS 14_4_2 like Mac OS X) AppleWebKit/605.1.15 (KHTML, like Gecko) Version/14.0.3 Mobile/15E148 Safari/604.1","https://ep-feedback.netlify.app/index.html","2021-04-01T17:31:52.795Z"
"7-4","4","","","","2605:8d80:601:154c:6cab:3bc5:d529:d888","Mozilla/5.0 (iPhone; CPU iPhone OS 14_4_2 like Mac OS X) AppleWebKit/605.1.15 (KHTML, like Gecko) Version/14.0.3 Mobile/15E148 Safari/604.1","https://ep-feedback.netlify.app/index.html","2021-04-01T17:31:36.471Z"
"11-9","11","","","","2605:8d80:601:154c:6cab:3bc5:d529:d888","Mozilla/5.0 (iPhone; CPU iPhone OS 14_4_2 like Mac OS X) AppleWebKit/605.1.15 (KHTML, like Gecko) Version/14.0.3 Mobile/15E148 Safari/604.1","https://ep-feedback.netlify.app/index.html","2021-04-01T17:31:28.705Z"
"9-2","2","","","","2605:8d80:601:154c:6cab:3bc5:d529:d888","Mozilla/5.0 (iPhone; CPU iPhone OS 14_4_2 like Mac OS X) AppleWebKit/605.1.15 (KHTML, like Gecko) Version/14.0.3 Mobile/15E148 Safari/604.1","https://ep-feedback.netlify.app/index.html","2021-04-01T17:31:25.189Z"
"9-7","7","","","","2605:8d80:601:154c:6cab:3bc5:d529:d888","Mozilla/5.0 (iPhone; CPU iPhone OS 14_4_2 like Mac OS X) AppleWebKit/605.1.15 (KHTML, like Gecko) Version/14.0.3 Mobile/15E148 Safari/604.1","https://ep-feedback.netlify.app/index.html","2021-04-01T17:31:21.225Z"
"9-5","5","","","","2605:8d80:601:154c:6cab:3bc5:d529:d888","Mozilla/5.0 (iPhone; CPU iPhone OS 14_4_2 like Mac OS X) AppleWebKit/605.1.15 (KHTML, like Gecko) Version/14.0.3 Mobile/15E148 Safari/604.1","https://ep-feedback.netlify.app/index.html","2021-04-01T17:31:15.574Z"
"4-1","4","","","","2605:8d80:601:154c:6cab:3bc5:d529:d888","Mozilla/5.0 (iPhone; CPU iPhone OS 14_4_2 like Mac OS X) AppleWebKit/605.1.15 (KHTML, like Gecko) Version/14.0.3 Mobile/15E148 Safari/604.1","https://ep-feedback.netlify.app/index.html","2021-04-01T17:30:55.497Z"
"10-6","6","","","","2605:8d80:601:154c:6cab:3bc5:d529:d888","Mozilla/5.0 (iPhone; CPU iPhone OS 14_4_2 like Mac OS X) AppleWebKit/605.1.15 (KHTML, like Gecko) Version/14.0.3 Mobile/15E148 Safari/604.1","https://ep-feedback.netlify.app/index.html","2021-04-01T17:30:51.829Z"
"3-0","3","","","","2605:8d80:601:154c:6cab:3bc5:d529:d888","Mozilla/5.0 (iPhone; CPU iPhone OS 14_4_2 like Mac OS X) AppleWebKit/605.1.15 (KHTML, like Gecko) Version/14.0.3 Mobile/15E148 Safari/604.1","https://ep-feedback.netlify.app/index.html","2021-04-01T17:30:48.015Z"
"11-7","11","","","","2605:8d80:601:154c:6cab:3bc5:d529:d888","Mozilla/5.0 (iPhone; CPU iPhone OS 14_4_2 like Mac OS X) AppleWebKit/605.1.15 (KHTML, like Gecko) Version/14.0.3 Mobile/15E148 Safari/604.1","https://ep-feedback.netlify.app/index.html","2021-04-01T17:30:21.090Z"
"4-2","4","","","","2605:8d80:601:154c:6cab:3bc5:d529:d888","Mozilla/5.0 (iPhone; CPU iPhone OS 14_4_2 like Mac OS X) AppleWebKit/605.1.15 (KHTML, like Gecko) Version/14.0.3 Mobile/15E148 Safari/604.1","https://ep-feedback.netlify.app/index.html","2021-04-01T17:30:07.531Z"
"3-1","3","","","","2605:8d80:601:154c:6cab:3bc5:d529:d888","Mozilla/5.0 (iPhone; CPU iPhone OS 14_4_2 like Mac OS X) AppleWebKit/605.1.15 (KHTML, like Gecko) Version/14.0.3 Mobile/15E148 Safari/604.1","https://ep-feedback.netlify.app/index.html","2021-04-01T17:30:03.655Z"
"8-0","8","","","","2605:8d80:601:154c:6cab:3bc5:d529:d888","Mozilla/5.0 (iPhone; CPU iPhone OS 14_4_2 like Mac OS X) AppleWebKit/605.1.15 (KHTML, like Gecko) Version/14.0.3 Mobile/15E148 Safari/604.1","https://ep-feedback.netlify.app/index.html","2021-04-01T17:29:25.794Z"
"4-3","4","vocals","Good fun","","2605:8d80:601:154c:6cab:3bc5:d529:d888","Mozilla/5.0 (iPhone; CPU iPhone OS 14_4_2 like Mac OS X) AppleWebKit/605.1.15 (KHTML, like Gecko) Version/14.0.3 Mobile/15E148 Safari/604.1","https://ep-feedback.netlify.app/index.html","2021-04-01T17:29:20.225Z"
"10-0","0","vocals","The vocals are screechy","","2605:8d80:601:154c:6cab:3bc5:d529:d888","Mozilla/5.0 (iPhone; CPU iPhone OS 14_4_2 like Mac OS X) AppleWebKit/605.1.15 (KHTML, like Gecko) Version/14.0.3 Mobile/15E148 Safari/604.1","https://ep-feedback.netlify.app/index.html","2021-04-01T17:29:00.633Z"
"5-4","4","","","","2605:8d80:601:154c:6cab:3bc5:d529:d888","Mozilla/5.0 (iPhone; CPU iPhone OS 14_4_2 like Mac OS X) AppleWebKit/605.1.15 (KHTML, like Gecko) Version/14.0.3 Mobile/15E148 Safari/604.1","https://ep-feedback.netlify.app/index.html","2021-04-01T17:28:04.324Z"